,age,thalch,chol,target,oldpeak,trestbps
count,920.0,920.0,920.0,920.0,920.0,920.0
mean,53.51086956521739,137.44569238502137,199.81107718612603,0.9956521739130435,0.8749525691699606,132.1317361005908
std,9.424685209576857,25.689714239737963,109.21128374252082,1.142693403338037,1.0616175095779095,18.57188271496074
min,28.0,60.0,0.0,0.0,-2.6,0.0
25%,47.0,120.0,177.0,0.0,0.0,120.0
50%,54.0,140.0,223.0,1.0,0.56,130.0
75%,60.0,157.0,267.25,2.0,1.5,140.0
max,77.0,202.0,603.0,4.0,6.2,200.0
