,age,thalch,chol,target,oldpeak,trestbps
count,920.0,920.0,920.0,920.0,920.0,920.0
mean,53.51086956521739,137.69239130434784,199.90869565217392,0.9956521739130435,0.8532608695652174,131.99565217391304
std,9.424685209576857,25.145235299317264,109.04017054571447,1.142693403338037,1.0580486984557573,18.451299974216326
min,28.0,60.0,0.0,0.0,-2.6,0.0
25%,47.0,120.0,177.75,0.0,0.0,120.0
50%,54.0,140.0,223.0,1.0,0.5,130.0
75%,60.0,156.0,267.0,2.0,1.5,140.0
max,77.0,202.0,603.0,4.0,6.2,200.0
