,age,thalch,chol,target,oldpeak,trestbps
count,920.0,865.0,890.0,920.0,858.0,861.0
mean,53.51086956521739,137.5456647398844,199.13033707865168,0.9956521739130435,0.8787878787878788,132.13240418118468
std,9.424685209576857,25.926276492797594,110.7808103532305,1.142693403338037,1.0912262483465298,19.066069518587476
min,28.0,60.0,0.0,0.0,-2.6,0.0
25%,47.0,120.0,175.0,0.0,0.0,120.0
50%,54.0,140.0,223.0,1.0,0.5,130.0
75%,60.0,157.0,268.0,2.0,1.5,140.0
max,77.0,202.0,603.0,4.0,6.2,200.0
